{
  "question1": {
    "Industry": {
      "content": "Industrie",
      "value": "Industry"
    },
    "Business": {
      "content": "Business",
      "value": "Business"
    },
    "InformationAndcommunication": {
      "content": "Information & communication",
      "value": "InfoCom"
    },
    "OtherServicesActivity": {
      "content": "Autre activité de services",
      "value": "OtherServicesActivity"
    },
    "AllOtherActivities": {
      "content": "Toutes les autres activités (activités financières, agricoles ...)",
      "value": "allOther"
    },
    "Construction": {
      "content": "Construction",
      "value": "Construction"
    },
    "PublicSector": {
      "content": "Secteur Publique",
      "value": "PublicSector"
    },
    "SpecializedScientificTechnicalAdministrativeSupportServices": {
      "content": "Activités Spécialisées, Scientifiques et Techniques ou Administratives et Services de Soutien",
      "value": "SpecializedScientificTechnicalAdministrativeSupportServices"
    },
    "RealEstate": {
      "content": "Immobilier",
      "value": "RealEstate"
    }
  },
  "question2": {
    "opt0": {
      "content": "0",
      "value": "0"
    },
    "opt1to2": {
      "content": "1 à 2",
      "value": "1to2"
    },
    "opt3to9": {
      "content": "3 à 9",
      "value": "3to9"
    },
    "opt10to49": {
      "content": "10 à 49",
      "value": "10to49"
    },
    "opt50to249": {
      "content": "50 à 249",
      "value": "50to249"
    },
    "opt250to4999": {
      "content": "250 à 4999",
      "value": "250to4999"
    },
    "Morethan5000": {
      "content": "Plus de 5000",
      "value": "Morethan5000"
    }
  },
  "question3": {
    "opt0to100K€": {
      "content": "0 à 100K €",
      "value": "0to100K €"
    },
    "opt100to500K€": {
      "content": "100 à 500K €",
      "value": "100to500K€"
    },
    "opt500to2M€": {
      "content": "500 à 2 M €",
      "value": "500to2M€"
    },
    "opt2to10M€": {
      "content": "2 à 10 M€",
      "value": "2to10M€"
    },
    "opt10to50M€": {
      "content": "10 à 50 M€",
      "value": "10to50M€"
    },
    "opt250to4999": {
      "content": "250 à 4999",
      "value": "250to4999"
    },
    "Morethan50M€": {
      "content": "Plus de 50 M€",
      "value": "Morethan50M€"
    }
  },
  "question12": {
    "WeWorkWithWorkstation": {
      "content": "Nous travaillons avec des postes de travail, sans serveur physique centralisé",
      "value": "WeWorkWithWorkstation"
    },
    "centralizedServer": {
      "content": "Nous avons (au moins) un serveur physique centralisé",
      "value": "centralizedServer"
    }
  },
  "question13": {
    "RoomWithoutSystem": {
      "content": "Un placard ou une pièce sans système spécifique",
      "value": "RoomWithoutSystem"
    },
    "DedicatedRoom": {
      "content": "Une salle dédiée",
      "value": "DedicatedRoom"
    }
  },
  "question14": {
    "Internal": {
      "content": "Interne",
      "value": "Internal"
    },
    "HostEuropeanCodeOfConduct": {
      "content": "Membre hôte du code de conduite européen pour les centres de données",
      "value": "HostEuropeanCodeOfConduct"
    },
    "NonHostEuropeanCodeOfConduct": {
      "content": "Hôte non-adhérent du code de conduite européen pour les centres de données",
      "value": "NonHostEuropeanCodeOfConduct"
    }
  },
  "question16": {
    "LessThan16": {
      "content": "Moin de 1,6",
      "value": "LessThan16"
    },
    "Between16and21": {
      "content": "Entre 1,6 etd 2,1",
      "value": "Between16and21"
    },
    "MoreThan21 ": {
      "content": "Plus den 2,1",
      "value": "MoreThan21"
    },
    "IdontKnow": {
      "content": "Je ne sais pas",
      "value": "IdontKnow"
    }
  },
  "question17": {
    "opt100to90": {
      "content": "100% - 90% ",
      "value": "100to90"
    },
    "opt90to60": {
      "content": "90% - 60%",
      "value": "90to60"
    },
    "Lessthan60": {
      "content": "Moin de 60%",
      "value": "Lessthan60"
    },
    "IdontKnow": {
      "content": "Je ne sais pas",
      "value": "IdontKnow"
    }
  },
  "question47": {
    "YesPartially": {
      "content": "Oui partiellement, y compris uniquement les équipements présents dans l'entreprise",
      "value": "YesPartially"
    },
    "YesTotally": {
      "content": "Oui tout à fait, y compris nos équipements et services internes hébergés par des tiers",
      "value": "YesTotally"
    },
    "No ": {
      "content": "Non",
      "value": "No"
    },
    "IdontKnow": {
      "content": "Je ne sais pas",
      "value": "IdontKnow"
    }
  },
  "question83": {
    "LessThan10": {
      "content": "Mois de 10",
      "value": "LessThan10"
    },
    "From10to20": {
      "content": "De 10 à 20",
      "value": "From10to20"
    },
    "From20to30": {
      "content": "De 20 à 30",
      "value": "From20to30"
    },
    "Morethan30 ": {
      "content": "Plus de 30",
      "value": "Morethan30"
    },
    "IdontKnow": {
      "content": "Je ne sais pas",
      "value": "IdontKnow"
    }
  },
  "question84": {
    "Cartridgesusedayear": {
      "content": "Cartouches utilisées par an",
      "value": "Cartridgesusedayear"
    },
    "Cartridgesstoredintheaveragebusiness": {
      "content": "Cartouches stockées dans l'entreprise moyennes",
      "value": "Cartridgesstoredintheaveragebusiness"
    },
    "Tonersusedayear": {
      "content": "Toners utilisés par année",
      "value": "Tonersusedayear"
    },
    "Tonersstoredintheaveragebusiness ": {
      "content": "Toners stockés dans l'entreprise moyenne",
      "value": "Tonersstoredintheaveragebusiness"
    }
  },
  "question85": {
    "RepackagingIndustry": {
      "content": "Oui, à une industrie de reconditionnement",
      "value": "RepackagingIndustry"
    },
    "RecyclingChannel": {
      "content": "Oui, vers une filière de recyclage (destruction)",
      "value": "RecyclingChannel"
    },
    "SeparateCollection": {
      "content": "Aucun dispositif de collecte séparé n'est prévu",
      "value": "SeparateCollection"
    }
  },
  "question86": {
    "virginPaste": {
      "content": "Oui, notre papier est fabriqué à partir de pâte viergee",
      "value": "virginPaste"
    },
    "mixedPaper": {
      "content": "Oui, du papier mélangé",
      "value": "MixedPaper"
    },
    "recycled": {
      "content": "Oui, 100% recyclé",
      "value": "recycled"
    },
    "noAttention": {
      "content": "Je ne fais pas attention",
      "value": "noAttention"
    }
  },
  "question87": {
    "FSC": {
      "content": "Oui, FSC",
      "value": "FSC"
    },
    "PEFC": {
      "content": "Oui, PEFC",
      "value": "PEFC"
    },
    "blueAngel": {
      "content": "Oui, l'Ange Bleu",
      "value": "blueAngel"
    },
    "europeanLabel": {
      "content": "Yes, Ecolabel Européen",
      "value": "europeanLabel"
    },
    "comment": {
      "content": "Oui, autre >> champs de commentaire à ajouter",
      "value": "comment"
    },
    "noAttention": {
      "content": "Je ne fais pas attention",
      "value": "noAttention"
    }
  },
  "quantity": {
    "In%": {
      "content": "En %",
      "value": "In%"
    },
    "InQuantity": {
      "content": "En quantité",
      "value": "InQuantity"
    },
    "noAnswer": {
      "content": "Je ne veux pas répondre",
      "value": "noAnswer"
    },
    "IdontKnow": {
      "content": "Je ne sais pas",
      "value": "IdontKnow"
    }
  },
  "YesNo": {
    "yes": {
      "content": "Oui",
      "value": "true"
    },
    "no": {
      "content": "Non",
      "value": "false"
    }
  },
  "YesNoUnknow": {
    "yes": {
      "content": "Oui",
      "value": "true"
    },
    "no": {
      "content": "Non",
      "value": "false"
    },
    "noAnswer": {
      "content": "Je ne veux pas répondr",
      "value": "noAnswer"
    },
    "dontKnow": {
      "content": "Je ne sais Pas",
      "value": "Idon'tknow"
    }
  }
}