{
  "question1": {
    "Industry": {
      "content": "Industry",
      "value": "Industry"
    },
    "Business": {
      "content": "Business",
      "value": "Business"
    },
    "InformationAndcommunication": {
      "content": "Information and communication",
      "value": "InfoCom"
    },
    "OtherServicesActivity": {
      "content": "Other services activity",
      "value": "OtherServicesActivity"
    },
    "AllOtherActivities": {
      "content": "All other activities (financial, agricultural activities ...)",
      "value": "allOther"
    },
    "Construction": {
      "content": "Construction",
      "value": "Construction"
    },
    "PublicSector": {
      "content": "Public sector",
      "value": "PublicSector"
    },
    "SpecializedScientificTechnicalAdministrativeSupportServices": {
      "content": "Specialized, Scientific and Technical or Administrative and Support Services Activities",
      "value": "SpecializedScientificTechnicalAdministrativeSupportServices"
    },
    "RealEstate": {
      "content": "Real Estate",
      "value": "RealEstate"
    }
  },
  "question2": {
    "opt0": {
      "content": "0",
      "value": "0"
    },
    "opt1to2": {
      "content": "1 to 2",
      "value": "1to2"
    },
    "opt3to9": {
      "content": "3 to 9",
      "value": "3to9"
    },
    "opt10to49": {
      "content": "10to49",
      "value": "10 to 49"
    },
    "opt50to249": {
      "content": "50 to 249",
      "value": "50to249"
    },
    "opt250to4999": {
      "content": "250 to 4999",
      "value": "250to4999"
    },
    "Morethan5000": {
      "content": "More than 5000",
      "value": "Morethan5000"
    }
  },
  "question3": {
    "opt0to100K€": {
      "content": "0 to 100K €",
      "value": "0to100K €"
    },
    "opt100to500K€": {
      "content": "100 to 500K €",
      "value": "100to500K€"
    },
    "opt500to2M€": {
      "content": "500 to 2 M €",
      "value": "500to2M€"
    },
    "opt2to10M€": {
      "content": "2 to 10 M€",
      "value": "2to10M€"
    },
    "opt10to50M€": {
      "content": "10 to 50 M€",
      "value": "10to50M€"
    },
    "opt250to4999": {
      "content": "250 to 4999",
      "value": "250to4999"
    },
    "Morethan50M€": {
      "content": "More than 50 M€",
      "value": "Morethan50M€"
    }
  },
  "question12": {
    "WeWorkWithWorkstation": {
      "content": "We work with workstation (s), without centralized physical server",
      "value": "WeWorkWithWorkstation"
    },
    "centralizedServer": {
      "content": "We have (at least) a centralized physical server",
      "value": "centralizedServer"
    }
  },
  "question13": {
    "RoomWithoutSystem": {
      "content": "A closet or a room without any specific system",
      "value": "RoomWithoutSystem"
    },
    "DedicatedRoom": {
      "content": "A dedicated room",
      "value": "DedicatedRoom"
    }
  },
  "question14": {
    "Internal": {
      "content": "Internal",
      "value": "Internal"
    },
    "HostEuropeanCodeOfConduct": {
      "content": "Host Member of the European Code of Conduct for Datacenters",
      "value": "HostEuropeanCodeOfConduct"
    },
    "NonHostEuropeanCodeOfConduct": {
      "content": "Non-adhering Host of the European Code of Conduct for Data Centers",
      "value": "NonHostEuropeanCodeOfConduct"
    }
  },
  "question16": {
    "LessThan16": {
      "content": "Less than 1,6",
      "value": "LessThan16"
    },
    "Between16and21": {
      "content": "Between 1,6 and 2,1",
      "value": "Between16and21"
    },
    "MoreThan21 ": {
      "content": "More than 2,1",
      "value": "MoreThan21"
    },
    "IdontKnow": {
      "content": "I don't know",
      "value": "IdontKnow"
    }
  },
  "question17": {
    "opt100to90": {
      "content": "100% - 90% ",
      "value": "100to90"
    },
    "opt90t060": {
      "content": "90% - 60%",
      "value": "90to60"
    },
    "Lessthan60": {
      "content": "Less than 60%",
      "value": "Lessthan60"
    },
    "IdontKnow": {
      "content": "I don't know",
      "value": "IdontKnow"
    }
  },
  "question47": {
    "YesPartially": {
      "content": "Yes partially, including only equipment present in the company",
      "value": "YesPartially"
    },
    "YesTotally": {
      "content": "Yes totally, including our internal equipment and services hosted by third parties",
      "value": "YesTotally"
    },
    "No ": {
      "content": "No",
      "value": "No"
    },
    "IdontKnow": {
      "content": "I don't know",
      "value": "IdontKnow"
    }
  },
  "question83": {
    "LessThan10": {
      "content": "Less than 10",
      "value": "LessThan10"
    },
    "From10to20": {
      "content": "From 10 to 20",
      "value": "From10to20"
    },
    "From20to30": {
      "content": "From 20 to 30",
      "value": "From20to30"
    },
    "Morethan30 ": {
      "content": "More than 30",
      "value": "Morethan30"
    },
    "IdontKnow": {
      "content": "I don't know",
      "value": "IdontKnow"
    }
  },
  "question84": {
    "Cartridgesusedayear": {
      "content": "Cartridges used a year",
      "value": "Cartridgesusedayear"
    },
    "Cartridgesstoredintheaveragebusiness": {
      "content": "Cartridges stored in the average business",
      "value": "Cartridgesstoredintheaveragebusiness"
    },
    "Tonersusedayear": {
      "content": "Toners used a year",
      "value": "Tonersusedayear"
    },
    "Tonersstoredintheaveragebusiness ": {
      "content": "Toners stored in the average business",
      "value": "Tonersstoredintheaveragebusiness"
    }
  },
  "question85": {
    "RepackagingIndustry": {
      "content": "Yes, to a repackaging industry",
      "value": "RepackagingIndustry"
    },
    "RecyclingChannel": {
      "content": "Yes, towards a recycling channel (destruction)",
      "value": "RecyclingChannel"
    },
    "SeparateCollection": {
      "content": "No no separate collection device is planned",
      "value": "SeparateCollection"
    }
  },
  "question86": {
    "virginPaste": {
      "content": "Yes, our paper is made from virgin paste",
      "value": "virginPaste"
    },
    "mixedPaper": {
      "content": "Yes, mixed paper",
      "value": "MixedPaper"
    },
    "recycled": {
      "content": "Yes, 100% recycled",
      "value": "recycled"
    },
    "noAttention": {
      "content": "I'm not paying attention",
      "value": "noAttention"
    }
  },
  "question87": {
    "FSC": {
      "content": "Yes, FSC",
      "value": "FSC"
    },
    "PEFC": {
      "content": "Yes, PEFC",
      "value": "PEFC"
    },
    "blueAngel": {
      "content": "Yes, Blue Angel",
      "value": "blueAngel"
    },
    "europeanLabel": {
      "content": "Yes, European Label",
      "value": "europeanLabel"
    },
    "comment": {
      "content": "Yes, other >> comment fields to add",
      "value": "comment"
    },
    "noAttention": {
      "content": "I'm not paying attention",
      "value": "noAttention"
    }
  },
  "quantity": {
    "In%": {
      "content": "In %",
      "value": "In%"
    },
    "InQuantity": {
      "content": "In quantity",
      "value": "InQuantity"
    },
    "noAnswer": {
      "content": "I do not want to answer",
      "value": "noAnswer"
    },
    "IdontKnow": {
      "content": "I don't know",
      "value": "IdontKnow"
    }
  },
  "YesNo": {
    "yes": {
      "content": "Yes",
      "value": "true"
    },
    "no": {
      "content": "No",
      "value": "false"
    }
  },
  "YesNoUnknow": {
    "yes": {
      "content": "Yes",
      "value": "true"
    },
    "no": {
      "content": "No",
      "value": "false"
    },
    "noAnswer": {
      "content": "I do not want to answer",
      "value": "noAnswer"
    },
    "dontKnow": {
      "content": "I don't know",
      "value": "Idon'tknow"
    }
  }
}