{
  "docId": "",
  "email": "",
  "link": "",
  "status": "",
  "language": "",
  "yourCompany": {
    "question1": {
      "id": 1,
      "content": "1. Dans quel secteur d'activité votre entreprise est-elle active? (lié avec votre code APE)?",
      "isMandatoried": "",
      "enable": "",
      "value": ""
    },
    "question2": {
      "id": 2,
      "content": "2. Quel est le nombre d'employés dans votre entreprise le 18/12/31?",
      "isMandatoried": "",
      "enable": "",
      "value": ""
    },
    "question3": {
      "id": 3,
      "content": "3. Quel est le chiffre d'affaires de votre entreprise au cours du dernier exercice? (ou budget annuel du secteur public)",
      "isMandatoried": "",
      "enable": "",
      "value": ""
    },
    "question4": {
      "id": 4,
      "content": "4. Développez-vous des services numériques à usage interne ou externe (vente aux clients)?",
      "isMandatoried": "",
      "enable": "",
      "value": ""
    },
    "question5": {
      "id": 5,
      "content": "5. Quel est le nombre d'utilisateurs de vos services numériques?",
      "isMandatoried": "",
      "enable": "",
      "value": ""
    },
    "question6": {
      "id": 6,
      "content": "6. Appliquez-vous les règles et les meilleures pratiques pour l’accessibilité numérique?",
      "isMandatoried": "",
      "enable": "",
      "value": ""
    },
    "question7": {
      "id": 7,
      "content": "7. Avez-vous optimisé les états et les impressions dans vos outils d'application (nombre de pages réduit lors de l'impression, consommation d'encre, etc.)",
      "isMandatoried": "",
      "enable": "",
      "value": ""
    },
    "question8": {
      "id": 8,
      "content": "8.. Intégrez-vous les principes de l'écoconception des services numériques?",
      "isMandatoried": "",
      "enable": "",
      "value": ""
    },
    "question9": {
      "id": 9,
      "content": "9. Utilisez-vous une architecture d'application modulaire?",
      "isMandatoried": "",
      "enable": "",
      "value": ""
    },
    "question10": {
      "id": 10,
      "content": "10. Faites-vous une revue de conception à la fin du développement de votre application?",
      "isMandatoried": "",
      "enable": "",
      "value": ""
    }
  },
  "informationSystem": {
    "question11": {
      "id": 11,
      "content": "11. Quel est le volume de stockage global de vos données d'entreprise (centralisé sur des disques durs externes, serveur centralisé, NAS, SAN ...) en téraoctets (To)?",
      "isMandatoried": "",
      "enable": "",
      "comment": "",
      "value": ""
    },
    "question12": {
      "id": 12,
      "content": "12. Avez-vous un serveur ou travaillez-vous uniquement avec un ou plusieurs postes de travail?",
      "isMandatoried": "",
      "enable": "",
      "value": ""
    },
    "question13": {
      "id": 13,
      "content": "13. Avez-vous une pièce dédiée, une simple pièce ou une armoire avec baie dédiée à votre infrastructure informatique?",
      "isMandatoried": "",
      "enable": "",
      "value": ""
    }
  },
  "infrastructure": {
    "serverComputeRoom": {
      "question14": {
        "id": 14,
        "content": "14. Votre salle informatique est-elle chez vous ou chez un hôte?",
        "isMandatoried": "",
        "enable": "",
        "value": ""
      },
      "question15": {
        "id": 15,
        "content": "15. Quelle est la surface totale de vos salles informatiques (hors infrastructure technique *)? (en m2)",
        "isMandatoried": "",
        "enable": "",
        "comment": "",
        "value": ""
      },
      "question16": {
        "id": 16,
        "content": "16. Connaissez-vous le PUE * de votre centre de données?",
        "description":"*PUE : Power Usage Effectiveness",
        "isMandatoried": "",
        "enable": "",
        "value": ""
      },
      "question17": {
        "id": 17,
        "content": "17. Quel est le taux de charge ou d’utilisation énergétique de vos salles informatiques?",
        "isMandatoried": "",
        "enable": "",
        "description": "Rate = Electrical power absorbed by your IT equipment, divided by room capacity in kW, then multiplied by 100 (used energy / available energy)",
        "value": ""
      },
      "question18": {
        "id": 18,
        "content": "Avez-vous dirigé ou envisagez-vous des actions pour optimiser votre infrastructure? Notamment :",
        "isMandatoried": "",
        "enable": "",
        "value": ""
      },
      "question19": {
        "id": 19,
        "content": "19. L'achat d'équipements non informatiques auprès de salles informatiques (climatisation, traitement de l'air, onduleurs, etc.) selon des critères d'efficacité énergétique",
        "isMandatoried": "",
        "enable": "",
        "value": ""
      },
      "question20": {
        "id": 20,
        "content": "20. Mise en œuvre des bonnes pratiques du \"Code de conduite européen pour DataCenter \"?",
        "isMandatoried": "",
        "enable": "",
        "value": ""
      },
      "question21": {
        "id": 21,
        "content": "21. Centre de données suivi PUE",
        "isMandatoried": "",
        "enable": "",
        "value": ""
      },
      "question22": {
        "id": 22,
        "content": "22. Surveillance régulière des indicateurs environnementaux des salles informatiques",
        "isMandatoried": "",
        "enable": "",
        "value": ""
      },
      "question23": {
        "id": 23,
        "content": "23. Analyse d'impact environnemental du datacenter en approche du cycle de vie",
        "isMandatoried": "",
        "enable": "",
        "value": ""
      },
      "question24": {
        "id": 24,
        "content": "24. Optimiser l'architecture et l'aménagement des salles",
        "isMandatoried": "",
        "enable": "",
        "value": ""
      },
      "question25": {
        "id": 25,
        "content": "25. L'urbanisation des halls dans les allées chaudes / froides",
        "isMandatoried": "",
        "enable": "",
        "value": ""
      },
      "question26": {
        "id": 26,
        "content": "26. Confinement des flux d'air (corridors)",
        "isMandatoried": "",
        "enable": "",
        "value": ""
      },
      "question27": {
        "id": 27,
        "content": "27. L'utilisation de sources de refroidissement naturelles (freecooling)",
        "isMandatoried": "",
        "enable": "",
        "value": ""
      },
      "question28": {
        "id": 28,
        "content": "28. Mise en place d'un système de récupération de chaleur pour les salles informatiques (chauffage)",
        "isMandatoried": "",
        "enable": "",
        "value": ""
      },
      "question29": {
        "id": 29,
        "content": "29. La température de consigne dans le couloir froid reste supérieure à 24 °",
        "isMandatoried": "",
        "enable": "",
        "value": ""
      },
      "question30": {
        "id": 30,
        "content": "Le choix d'une architecture de centre de données modulaire",
        "isMandatoried": "",
        "enable": "",
        "value": ""
      }
    },
    "serverAcuboardDelicatedRoom": {
      "question31": {
        "id": 31,
        "content": "31. Avez-vous dirigé ou envisagez-vous des actions pour optimiser votre infrastructure? Notamment :",
        "isMandatoried": "",
        "enable": "",
        "value": ""
      },
      "question32": {
        "id": 32,
        "content": "32. Suspension d'équipements réseaut",
        "isMandatoried": "",
        "enable": "",
        "value": ""
      },
      "question33": {
        "id": 33,
        "content": "33. Mise en commun des équipements physique",
        "isMandatoried": "",
        "enable": "",
        "value": ""
      },
      "question34": {
        "id": 34,
        "content": "34. Traçabilité des éléments matériels (CMDB)",
        "isMandatoried": "",
        "enable": "",
        "value": ""
      },
      "question35": {
        "id": 35,
        "content": "35. Le dimensionnement correct des serveurs par rapport à leur utilisatio",
        "isMandatoried": "",
        "enable": "",
        "value": ""
      },
      "question36": {
        "id": 36,
        "content": "36. Le dimensionnement correct des serveurs par rapport à leur utilisation",
        "isMandatoried": "",
        "enable": "",
        "value": ""
      },
      "question37": {
        "id": 37,
        "content": "37. Donner la priorité aux équipements compatibles ASHRAE 2",
        "isMandatoried": "",
        "enable": "",
        "value": ""
      },
      "question38": {
        "id": 38,
        "content": "38. Une procédure pour provisionner et désapprovisionner des équipements de traitement de données dans des centres de données",
        "isMandatoried": "",
        "enable": "",
        "value": ""
      },
      "question39": {
        "id": 39,
        "content": "39. Connaissez-vous le nombre de serveurs physiques et virtuels dans votre entreprise?",
        "isMandatoried": "",
        "enable": "",
        "value": ""
      },
      "question40": {
        "id": 40,
        "content": "40. Combien de serveurs physiques avez-vous?",
        "isMandatoried": "",
        "enable": "",
        "value": ""
      },
      "question41": {
        "id": 41,
        "content": "41. Combien de serveurs virtuels avez-vous?",
        "isMandatoried": "",
        "enable": "",
        "value": ""
      },
      "questio42": {
        "id": 42,
        "content": "42. Quelle sera l'évolution de votre nombre de serveurs physiques pour 2019? (en% ou quantité)",
        "isMandatoried": "",
        "enable": "",
        "percent": 0,
        "quantity": 0,
        "value": ""
      },
      "question43": {
        "id": 43,
        "content": "43. Quelle sera l'évolution de votre nombre de serveurs virtuels pour 2019? (en% ou quantité)",
        "isMandatoried": "",
        "enable": "",
        "value": "",
        "percent": 0,
        "quantity": 0
      }
    }
  },
  "management": {
    "question44": {
      "id": 44,
      "content": "44. Votre entreprise a-t-elle nommé un responsable informatique vert / responsable numérique",
      "isMandatoried": "",
      "enable": "",
      "value": ""
    },
    "question45": {
      "id": 45,
      "content": "45. Avez-vous une stratégie numérique responsable déclinée en un plan d’action?",
      "isMandatoried": "",
      "enable": "",
      "value": ""
    },
    "question46": {
      "id": 46,
      "content": "46. L'informatique verte est-elle un sujet intégré à votre stratégie de RSE?",
      "isMandatoried": "",
      "enable": "",
      "value": ""
    },
    "question47": {
      "id": 47,
      "content": "47. Est-ce que vous évaluez régulièrement les impacts environnementaux de votre système d’information?",
      "isMandatoried": "",
      "enable": "",
      "value": ""
    },
    "question48": {
      "id": 48,
      "content": "48. Avez-vous une équipe d’arbitres compétents sur les thèmes du Green IT?",
      "isMandatoried": "",
      "enable": "",
      "value": ""
    },
    "question49": {
      "id": 49,
      "content": "49. Avez-vous intégré les technologies de l'information verte dans votre stratégie d'entreprise?",
      "isMandatoried": "",
      "enable": "",
      "value": ""
    }
  },
  "infrastructureWorkStation": {
    "question50": {
      "id": 50,
      "content": "50. Avez-vous ces équipements dans votre entreprise?",
      "isMandatoried": "",
      "enable": "",
      "description": "Used: equipment used in the business activity. Not used functional: equipment in working order but no more used by the company (stored). Neither used nor functional: out of service equipment (HS) waiting for end of life treatment.",
      "value": ""
    },
    "question51": {
      "id": 51,
      "content": "51. Stations fixes, postes de travail",
      "isMandatoried": "",
      "enable": "",
      "value": ""
    },
    "question52": {
      "id": 52,
      "content": "52. Ordinateurs portables, tablettes numériques",
      "isMandatoried": "",
      "enable": "",
      "value": ""
    },
    "question53": {
      "id": 53,
      "content": "53. Petites imprimantes (<15 kg, potentiellement utilisées par un ménage)",
      "isMandatoried": "",
      "enable": "",
      "value": ""
    },
    "question54": {
      "id": 54,
      "content": "54. Moniteurs à écran plat",
      "isMandatoried": "",
      "enable": "",
      "value": ""
    },
    "question55": {
      "id": 55,
      "content": "55. Autres écrans plats (TV, écran de projection, tableau numérique ...)",
      "isMandatoried": "",
      "enable": "",
      "value": ""
    },
    "question56": {
      "id": 56,
      "content": "56. Moniteurs CRT (moniteurs ou autres)",
      "isMandatoried": "",
      "enable": "",
      "value": ""
    },
    "question57": {
      "id": 57,
      "content": "57. Projecteurs vidéo.",
      "isMandatoried": "",
      "enable": "",
      "value": ""
    },
    "question58": {
      "id": 58,
      "content": "58. Téléphones portables",
      "isMandatoried": "",
      "enable": "",
      "value": ""
    },
    "question59": {
      "id": 59,
      "content": "59. Téléphones fixes (autonomes non connectés à une telle norme)",
      "isMandatoried": "",
      "enable": "",
      "value": ""
    },
    "question60": {
      "id": 60,
      "content": "60. Caméras digitales",
      "isMandatoried": "",
      "enable": "",
      "value": ""
    },
    "question61": {
      "id": 61,
      "content": "61. Périphériques à disque dur, stockage, sauvegarde",
      "isMandatoried": "",
      "enable": "",
      "value": ""
    },
    "question62": {
      "id": 62,
      "content": "62. Avez-vous d'autres appareils dans votre entreprise?",
      "description": "Keyboards, mouse, graphic tablets, scanners, microphones, speakers, office equipment ...",
      "isMandatoried": "",
      "enable": "",
      "value": ""
    },
    "question63": {
      "id": 63,
      "content": "63. En ce qui concerne les autres appareils, avez-vous dans votre entreprise:",
      "description": "Used: equipment used in the business activity. Not used functional: equipment in working order but no more used by the company (stored). Neither used nor functional: out of service equipment (HS) waiting for end of life treatment.",
      "isMandatoried": "",
      "enable": "",
      "value": ""
    },
    "question64": {
      "id": 64,
      "content": "64. Claviers",
      "isMandatoried": "",
      "enable": "",
      "value": ""
    },
    "question65": {
      "id": 65,
      "content": "65. Souris",
      "isMandatoried": "",
      "enable": "",
      "value": ""
    },
    "question66": {
      "id": 66,
      "content": "66. Tablettes graphiques",
      "isMandatoried": "",
      "enable": "",
      "value": ""
    },
    "question67": {
      "id": 67,
      "content": "67. Scanners",
      "isMandatoried": "",
      "enable": "",
      "value": ""
    },
    "question68": {
      "id": 68,
      "content": "68. Haut-parleurs",
      "isMandatoried": "",
      "enable": "",
      "value": ""
    },
    "question69": {
      "id": 69,
      "content": "69. Bureautique",
      "isMandatoried": "",
      "enable": "",
      "value": ""
    }
  },
  "energyConsumption": {
    "question70": {
      "id": 70,
      "content": "70. Connaissez-vous la consommation de votre poste de travail en kWh par an?",
      "isMandatoried": "",
      "enable": "",
      "value": ""
    },
    "question71": {
      "id": 71,
      "content": "71. Suivez-vous la consommation énergétique des activités de votre entreprise?",
      "isMandatoried": "",
      "enable": "",
      "value": ""
    },
    "question72": {
      "id": 72,
      "content": "72. Connaissez-vous la part de l'informatique et des équipements informatiques dans la consommation totale d'énergie de votre entreprise?",
      "isMandatoried": "",
      "enable": "",
      "comment": "",
      "value": ""
    },
    "question73": {
      "id": 73,
      "content": "73. Avez-vous mis en place un système de gestion de l'alimentation? (arrêt automatique / arrêt des postes de travail)",
      "isMandatoried": "",
      "enable": "",
      "value": ""
    }
  },
  "printing": {
    "question74": {
      "id": 74,
      "content": "74. Utilisez-vous des copieurs provenant d’une industrie de reconditionnement (d’occasion / d'occasion)?",
      "isMandatoried": "",
      "enable": "",
      "value": ""
    },
    "question75": {
      "id": 75,
      "content": "75. Regroupez-vous des imprimantes individuelles en imprimantes partagées?",
      "isMandatoried": "",
      "enable": "",
      "value": ""
    },
    "question76": {
      "id": 76,
      "content": "76. Avez-vous mis en place un système d'identification sur les imprimantes (pour déclencher l'impression)?",
      "isMandatoried": "",
      "enable": "",
      "value": ""
    },
    "question77": {
      "id": 77,
      "content": "77. Quelle est la durée de vie moyenne de votre copieur / MFP professionnel *? (* Imprimante multifonction MFP)",
      "isMandatoried": "",
      "description": "* MFP Multi Fonction Printer",
      "enable": "",
      "comment": "",
      "value": ""
    },
    "question78": {
      "id": 78,
      "content": "78. Vos imprimantes sont-elles définies par défaut en mode éco? Notamment :",
      "isMandatoried": "",
      "enable": "",
      "value": ""
    },
    "question79": {
      "id": 79,
      "content": "79. Économie d'énergie (veille automatique)",
      "isMandatoried": "",
      "enable": "",
      "value": ""
    },
    "question80": {
      "id": 80,
      "content": "80. Noir et blanc par défaut",
      "isMandatoried": "",
      "enable": "",
      "value": ""
    },
    "question81": {
      "id": 81,
      "content": "81. Duplex par défaut",
      "isMandatoried": "",
      "enable": "",
      "value": ""
    },
    "question82": {
      "id": 82,
      "content": "82. Mode brouillon par défaut",
      "isMandatoried": "",
      "enable": "",
      "value": ""
    },
    "consumables": {
      "question83": {
        "id": 83,
        "content": "83. Quel est le nombre de pages imprimées / jour / employé? (Équivalent A4)",
        "isMandatoried": "",
        "enable": "",
        "value": ""
      },
      "question84": {
        "id": 84,
        "content": "84. Pouvez-vous préciser le nombre de cartouches / toners",
        "isMandatoried": "",
        "enable": "",
        "usedCartridges": 0,
        "storedCartridges": 0,
        "usedToners": 0,
        "storedToners": 0
      },
      "question85": {
        "id": 85,
        "content": "85. Organisez-vous la collecte séparée des cartouches / toners usagés",
        "isMandatoried": "",
        "enable": "",
        "value": ""
      },
      "question86": {
        "id": 86,
        "content": "86. Préférez-vous l'utilisation de papier recyclé?",
        "isMandatoried": "",
        "enable": "",
        "value": ""
      },
      "question87": {
        "id": 87,
        "content": "87. Choisissez-vous du papier certifié?",
        "isMandatoried": "",
        "enable": "",
        "value": ""
      },
      "question88": {
        "id": 88,
        "content": "88. Organisez-vous la collecte séparée des vieux papiers pour le recyclage",
        "isMandatoried": "",
        "enable": "",
        "value": ""
      }
    }
  }
}