{
  "docId": "",
  "email": "",
  "link": "",
  "status": "",
  "language": "",
  "yourCompany": {
    "question1": {
      "id": 1,
      "content": "1. In which sector of activity is your company active? (linked with your APE code)?",
      "isMandatoried": "",
      "enable": "",
      "value": ""
    },
    "question2": {
      "id": 2,
      "content": "2. What is the number of employees in your company on 18/12/31 ?",
      "isMandatoried": "",
      "enable": "",
      "value": ""
    },
    "question3": {
      "id": 3,
      "content": "3. What is the turnover of your company in the last fiscal year? (or annual budget for Public sector)",
      "isMandatoried": "",
      "enable": "",
      "value": ""
    },
    "question4": {
      "id": 4,
      "content": "4. Do you develop digital services for internal or external use (sales to customers)?",
      "isMandatoried": "",
      "enable": "",
      "value": ""
    },
    "question5": {
      "id": 5,
      "content": "5. What is the number of users of your digital services?",
      "isMandatoried": "",
      "enable": "",
      "value": ""
    },
    "question6": {
      "id": 6,
      "content": "6. Do you apply the rules and best practices for digital accessibility?",
      "isMandatoried": "",
      "enable": "",
      "value": ""
    },
    "question7": {
      "id": 7,
      "content": "7. Have you optimized the states and printouts in your application tools (reduced number of pages when printing, ink consumption ...)",
      "isMandatoried": "",
      "enable": "",
      "value": ""
    },
    "question8": {
      "id": 8,
      "content": "8. Do you integrate the principles of the ecodesign of digital services?",
      "isMandatoried": "",
      "enable": "",
      "value": ""
    },
    "question9": {
      "id": 9,
      "content": "9. Do you use a modular application architecture?",
      "isMandatoried": "",
      "enable": "",
      "value": ""
    },
    "question10": {
      "id": 10,
      "content": "10. Do you do a design review at the end of your application's development?",
      "isMandatoried": "",
      "enable": "",
      "value": ""
    }
  },
  "informationSystem": {
    "question11": {
      "id": 11,
      "content": "11. What is the overall storage volume of your corporate data (centralized on external hard drives, centralized server, NAS, SAN ...) in Terabytes (TB) useful?",
      "isMandatoried": "",
      "enable": "",
      "comment": "",
      "value": ""
    },
    "question12": {
      "id": 12,
      "content": "12. Do you have a server or do you only work with one or more workstations?",
      "isMandatoried": "",
      "enable": "",
      "value": ""
    },
    "question13": {
      "id": 13,
      "content": "13. Do you have a dedicated room, simple room or cupboard with bay dedicated to your IT infrastructure?",
      "isMandatoried": "",
      "enable": "",
      "value": ""
    }
  },
  "infrastructure": {
    "serverComputeRoom": {
      "question14": {
        "id": 14,
        "content": "14. Is your computer room in house or at a host?",
        "isMandatoried": "",
        "enable": "",
        "value": ""
      },
      "question15": {
        "id": 15,
        "content": "15. What is the total area of your computer rooms (excluding technical infrastructure *)? (in m2)",
        "isMandatoried": "",
        "enable": "",
        "comment": "",
        "value": ""
      },
      "question16": {
        "id": 16,
        "content": "16. Do you know the PUE * of your Data Center?",
        "description":"*PUE : Power Usage Effectiveness",
        "isMandatoried": "",
        "enable": "",
        "value": ""
      },
      "question17": {
        "id": 17,
        "content": "17. What is the rate of charge or energy use of your computer rooms?",
        "isMandatoried": "",
        "enable": "",
        "description": "Rate = Electrical power absorbed by your IT equipment, divided by room capacity in kW, then multiplied by 100 (used energy / available energy)",
        "value": ""
      },
      "question18": {
        "id": 18,
        "content": "18. Have you led or are you planning actions to optimize your infrastructure? Especially :",
        "isMandatoried": "",
        "enable": "",
        "value": ""
      },
      "question19": {
        "id": 19,
        "content": "19. The purchase of non-IT equipment from IT rooms (air conditioning, air treatment, inverters, etc.) according to energy efficiency criteria",
        "isMandatoried": "",
        "enable": "",
        "value": ""
      },
      "question20": {
        "id": 20,
        "content": "20. Implementing the good practices of the 'European Code of Conduct for DataCenter'?",
        "isMandatoried": "",
        "enable": "",
        "value": ""
      },
      "question21": {
        "id": 21,
        "content": "21. Data center PUE tracking",
        "isMandatoried": "",
        "enable": "",
        "value": ""
      },
      "question22": {
        "id": 22,
        "content": "22. Regular monitoring of environmental indicators of computer rooms",
        "isMandatoried": "",
        "enable": "",
        "value": ""
      },
      "question23": {
        "id": 23,
        "content": "23. Environmental impact analysis of the datacenter in life cycle approach",
        "isMandatoried": "",
        "enable": "",
        "value": ""
      },
      "question24": {
        "id": 24,
        "content": "24. Optimizing the architecture and layout of rooms",
        "isMandatoried": "",
        "enable": "",
        "value": ""
      },
      "question25": {
        "id": 25,
        "content": "25. The urbanization of halls in hot / cold aisles",
        "isMandatoried": "",
        "enable": "",
        "value": ""
      },
      "question26": {
        "id": 26,
        "content": "26. Containment of air flows (corridors)",
        "isMandatoried": "",
        "enable": "",
        "value": ""
      },
      "question27": {
        "id": 27,
        "content": "27. The use of natural cooling sources (freecooling)",
        "isMandatoried": "",
        "enable": "",
        "value": ""
      },
      "question28": {
        "id": 28,
        "content": "28. Implementation of a heat recovery system for computer rooms (heating)",
        "isMandatoried": "",
        "enable": "",
        "value": ""
      },
      "question29": {
        "id": 29,
        "content": "29. The set temperature in the cold corridor remains higher than 24 °",
        "isMandatoried": "",
        "enable": "",
        "value": ""
      },
      "question30": {
        "id": 30,
        "content": "30. The choice of a modular datacenter architecture",
        "isMandatoried": "",
        "enable": "",
        "value": ""
      }
    },
    "serverAcuboardDelicatedRoom": {
      "question31": {
        "id": 31,
        "content": "31. Have you led or are you planning actions to optimize your infrastructure? Especially :",
        "isMandatoried": "",
        "enable": "",
        "value": ""
      },
      "question32": {
        "id": 32,
        "content": "32. Suspending network equipment",
        "isMandatoried": "",
        "enable": "",
        "value": ""
      },
      "question33": {
        "id": 33,
        "content": "33. Pooling physical equipment",
        "isMandatoried": "",
        "enable": "",
        "value": ""
      },
      "question34": {
        "id": 34,
        "content": "34. Uninstalling unnecessary infrastructure",
        "isMandatoried": "",
        "enable": "",
        "value": ""
      },
      "question35": {
        "id": 35,
        "content": "35. Traceability of material elements (CMDB)",
        "isMandatoried": "",
        "enable": "",
        "value": ""
      },
      "question36": {
        "id": 36,
        "content": "36. The correct sizing of the servers in relation to their use",
        "isMandatoried": "",
        "enable": "",
        "value": ""
      },
      "question37": {
        "id": 37,
        "content": "37. Give priority to ASHRAE 2 compatible equipment",
        "isMandatoried": "",
        "enable": "",
        "value": ""
      },
      "question38": {
        "id": 38,
        "content": "38. A procedure for provisioning and de-provisioning data-processing equipment in datacenters",
        "isMandatoried": "",
        "enable": "",
        "value": ""
      },
      "question39": {
        "id": 39,
        "content": "39. Do you know the number of physical servers and virtual servers in your company?",
        "isMandatoried": "",
        "enable": "",
        "value": ""
      },
      "question40": {
        "id": 40,
        "content": "40. How many physical servers do you have?",
        "isMandatoried": "",
        "enable": "",
        "value": ""
      },
      "question41": {
        "id": 41,
        "content": "41. How many virtual servers do you have?",
        "isMandatoried": "",
        "enable": "",
        "value": ""
      },
      "questio42": {
        "id": 42,
        "content": "42. What will be the evolution of your number of physical servers for 2019? (in% or quantity)",
        "isMandatoried": "",
        "enable": "",
        "percent": 0,
        "quantity": 0,
        "value": ""
      },
      "question43": {
        "id": 43,
        "content": "43. What will be the evolution of your number of virtual servers for 2019? (in% or quantity)",
        "isMandatoried": "",
        "enable": "",
        "value": "",
        "percent": 0,
        "quantity": 0
      }
    }
  },
  "management": {
    "question44": {
      "id": 44,
      "content": "44. Has your company appointed a Green IT Manager / Digital Manager?",
      "isMandatoried": "",
      "enable": "",
      "value": ""
    },
    "question45": {
      "id": 45,
      "content": "45. Do you have a responsible digital strategy broken down into an action plan?",
      "isMandatoried": "",
      "enable": "",
      "value": ""
    },
    "question46": {
      "id": 46,
      "content": "46. Is Green IT a topic integrated into your CSR strategy?",
      "isMandatoried": "",
      "enable": "",
      "value": ""
    },
    "question47": {
      "id": 47,
      "content": "47. Do you regularly evaluate the environmental impacts of your information system?",
      "isMandatoried": "",
      "enable": "",
      "value": ""
    },
    "question48": {
      "id": 48,
      "content": "48. Do you have a team of competent referees on the topics of Green IT?",
      "isMandatoried": "",
      "enable": "",
      "value": ""
    },
    "question49": {
      "id": 49,
      "content": "49. Have you integrated Green IT into your business strategy",
      "isMandatoried": "",
      "enable": "",
      "value": ""
    }
  },
  "infrastructureWorkStation": {
    "question50": {
      "id": 50,
      "content": "50. Do you have those equipments in your compagny:",
      "isMandatoried": "",
      "enable": "",
      "description": "Used: equipment used in the business activity. Not used functional: equipment in working order but no more used by the company (stored). Neither used nor functional: out of service equipment (HS) waiting for end of life treatment.",
      "value": ""
    },
    "question51": {
      "id": 51,
      "content": "51. Fixed stations, workstations",
      "isMandatoried": "",
      "enable": "",
      "value": ""
    },
    "question52": {
      "id": 52,
      "content": "52. Laptops, digital tablets",
      "isMandatoried": "",
      "enable": "",
      "value": ""
    },
    "question53": {
      "id": 53,
      "content": "53. Small printers (<15kg, potentially used by a household)",
      "isMandatoried": "",
      "enable": "",
      "value": ""
    },
    "question54": {
      "id": 54,
      "content": "54. Flat screen monitors",
      "isMandatoried": "",
      "enable": "",
      "value": ""
    },
    "question55": {
      "id": 55,
      "content": "55. Other flat screens (TV, projection screen, digital board ...)",
      "isMandatoried": "",
      "enable": "",
      "value": ""
    },
    "question56": {
      "id": 56,
      "content": "56. CRT monitors (monitors or other)",
      "isMandatoried": "",
      "enable": "",
      "value": ""
    },
    "question57": {
      "id": 57,
      "content": "57. Video projectors",
      "isMandatoried": "",
      "enable": "",
      "value": ""
    },
    "question58": {
      "id": 58,
      "content": "58. Mobile phones",
      "isMandatoried": "",
      "enable": "",
      "value": ""
    },
    "question59": {
      "id": 59,
      "content": "59. Fixed telephones (standalone not connected to such a standard)",
      "isMandatoried": "",
      "enable": "",
      "value": ""
    },
    "question60": {
      "id": 60,
      "content": "60. Digital cameras",
      "isMandatoried": "",
      "enable": "",
      "value": ""
    },
    "question61": {
      "id": 61,
      "content": "61. Hard Disk Devices, Storage, Backup",
      "isMandatoried": "",
      "enable": "",
      "value": ""
    },
    "question62": {
      "id": 62,
      "content": "62. Do you have other devices in your company?",
      "description": "Keyboards, mouse, graphic tablets, scanners, microphones, speakers, office equipment ...",
      "isMandatoried": "",
      "enable": "",
      "value": ""
    },
    "question63": {
      "id": 63,
      "content": "63. Regarding other devices, do you have in your company:",
      "description": "Used: equipment used in the business activity. Not used functional: equipment in working order but no more used by the company (stored). Neither used nor functional: out of service equipment (HS) waiting for end of life treatment.",
      "isMandatoried": "",
      "enable": "",
      "value": ""
    },
    "question64": {
      "id": 64,
      "content": "64. Keyboards",
      "isMandatoried": "",
      "enable": "",
      "value": ""
    },
    "question65": {
      "id": 65,
      "content": "65. Mouse",
      "isMandatoried": "",
      "enable": "",
      "value": ""
    },
    "question66": {
      "id": 66,
      "content": "66. Graphic tablets",
      "isMandatoried": "",
      "enable": "",
      "value": ""
    },
    "question67": {
      "id": 67,
      "content": "67. Scanners",
      "isMandatoried": "",
      "enable": "",
      "value": ""
    },
    "question68": {
      "id": 68,
      "content": "68. Speakers",
      "isMandatoried": "",
      "enable": "",
      "value": ""
    },
    "question69": {
      "id": 69,
      "content": "69. Office automation",
      "isMandatoried": "",
      "enable": "",
      "value": ""
    }
  },
  "energyConsumption": {
    "question70": {
      "id": 70,
      "content": "70. Do you know the consumption of your workstation in kWh per year?",
      "isMandatoried": "",
      "enable": "",
      "value": ""
    },
    "question71": {
      "id": 71,
      "content": "71. Do you track the energy consumption of your compagny activities?",
      "isMandatoried": "",
      "enable": "",
      "value": ""
    },
    "question72": {
      "id": 72,
      "content": "72. Do you know the share of IT and IT equipment in your company's total energy consumption?",
      "isMandatoried": "",
      "enable": "",
      "comment": "",
      "value": ""
    },
    "question73": {
      "id": 73,
      "content": "73. Have you set up a power management system? (automatic shutdown / shutdown of workstations)",
      "isMandatoried": "",
      "enable": "",
      "value": ""
    }
  },
  "printing": {
    "question74": {
      "id": 74,
      "content": "74. Do you use copiers from a repackaging industry (second-hand / second-hand)?",
      "isMandatoried": "",
      "enable": "",
      "value": ""
    },
    "question75": {
      "id": 75,
      "content": "75. Do you consolidate individual printers to shared printers?",
      "isMandatoried": "",
      "enable": "",
      "value": ""
    },
    "question76": {
      "id": 76,
      "content": "76. Have you set up an identification system on printers (to trigger printing)?",
      "isMandatoried": "",
      "enable": "",
      "value": ""
    },
    "question77": {
      "id": 77,
      "content": "77. What is the average life of your professional copier / MFP *?",
      "isMandatoried": "",
      "description": "* MFP Multi Fonction Printer",
      "enable": "",
      "comment": "",
      "value": ""
    },
    "question78": {
      "id": 78,
      "content": "78. Are your printers set by default in eco mode? Especially :",
      "isMandatoried": "",
      "enable": "",
      "value": ""
    },
    "question79": {
      "id": 79,
      "content": "79. Energy saving (Automatic standby)",
      "isMandatoried": "",
      "enable": "",
      "value": ""
    },
    "question80": {
      "id": 80,
      "content": "80. Black and white by default",
      "isMandatoried": "",
      "enable": "",
      "value": ""
    },
    "question81": {
      "id": 81,
      "content": "81. Default duplex",
      "isMandatoried": "",
      "enable": "",
      "value": ""
    },
    "question82": {
      "id": 82,
      "content": "82. Default draft mode",
      "isMandatoried": "",
      "enable": "",
      "value": ""
    },
    "consumables": {
      "question83": {
        "id": 83,
        "content": "83. What is the number of pages printed / day / employee? (A4 equivalent)",
        "isMandatoried": "",
        "enable": "",
        "value": ""
      },
      "question84": {
        "id": 84,
        "content": "84. Can you specify the number of cartridges / toners:",
        "isMandatoried": "",
        "enable": "",
        "usedCartridges": 0,
        "storedCartridges": 0,
        "usedToners": 0,
        "storedToners": 0
      },
      "question85": {
        "id": 85,
        "content": "85. Do you organize the separate collection of waste cartridges / toners?",
        "isMandatoried": "",
        "enable": "",
        "value": ""
      },
      "question86": {
        "id": 86,
        "content": "86. Do you prefer the use of recycled paper?",
        "isMandatoried": "",
        "enable": "",
        "value": ""
      },
      "question87": {
        "id": 87,
        "content": "87. Do you choose certified paper?",
        "isMandatoried": "",
        "enable": "",
        "value": ""
      },
      "question88": {
        "id": 88,
        "content": "88. Do you organize the separate collection of waste paper for recycling?",
        "isMandatoried": "",
        "enable": "",
        "value": ""
      }
    }
  }
}