{
  "p1": "With the support of ADEME, the Ministry of Ecology, Energy and the Sea and the Ministry of Economy and Finance, the association AGIT (Alliance for Green IT) and the eco-organizations of the recycling network of Waste Electrical and Electronic Equipment (WEEE) organize a survey to assess the deposits of computer and office equipment present in companies and more generally on the maturity of companies in France in the use of eco-responsible digital services.",
  "p2": "1. The duration of the questionnaire is estimated at 15 minutes if you are able to answer questions directly.",
  "p3": "2. You can return at any time on the questionnaire, answer in several times, your previous answers are recorded. In case of modification, only the last answer will be taken into account.",
  "p4": "3. You can submit this questionnaire to several people in your organization. All you have to do is simply share the link to the questionnaire.",
  "p5": "Thank you for participating in this survey. Your answer is invaluable to us to constitute the most representative sample of the companies in France.",
  "surv": "Survey",
  "title": "The Survey",
  "welcome": "Welcome to Green4Challenge Survey",
  "makeYourSurvey": "Make your Survey",
  "completedSurvey": "Completed Survey",
  "openingSurvey": "Opening Survey",
  "notcompletedSurvey": "Not completed Survey",
  "getSurvey": "Get Survey",
  "introduction": "Introduction",
  "complete": "Complete",
  "share": "share",
  "home": "Home",
  "email": "Email",
  "sectorOfActivity": "Sector Of Activity",
  "numberOfEmployees":"Number Of Employees",
  "turnOver": "Turn Over"
}